﻿[{"id":0,"full_name":"11 Listopada","name":"11_listopada"},
{"id":1,"full_name":"Adama Mickiewicza","name":"adama_mickiewicza"},
{"id":2,"full_name":"Akacjowa","name":"akacjowa"},
{"id":3,"full_name":"Bażantów","name":"bazantow"},
{"id":4,"full_name":"Bluszczowa","name":"bluszczowa"},
{"id":5,"full_name":"Błońska","name":"blonska"},
{"id":6,"full_name":"Bobrowa","name":"bobrowa"},
{"id":7,"full_name":"Bolesława Prusa","name":"boleslawa_prusa"},
{"id":8,"full_name":"Borsucza","name":"borsucza"},
{"id":9,"full_name":"Brwinowska","name":"brwinowska"},
{"id":10,"full_name":"Brzozowa","name":"brzozowa"},
{"id":11,"full_name":"Bukowa","name":"bukowa"},
{"id":12,"full_name":"Cicha","name":"cicha"},
{"id":13,"full_name":"Czeremchowa","name":"czeremchowa"},
{"id":14,"full_name":"Dębowa","name":"debowa"},
{"id":15,"full_name":"Dzików","name":"dzikow"},
{"id":16,"full_name":"Głogów","name":"glogow"},
{"id":17,"full_name":"Główna","name":"glowna"},
{"id":18,"full_name":"Gołębia","name":"golebia"},
{"id":19,"full_name":"Grabowa","name":"grabowa"},
{"id":20,"full_name":"Grodziska","name":"grodziska"},
{"id":21,"full_name":"Helenowska","name":"helenowska"},
{"id":22,"full_name":"Henryka Sienkiewicza","name":"henryka_sienkiewicza"},
{"id":23,"full_name":"Irysowa","name":"irysowa"},
{"id":24,"full_name":"Jałowcowa","name":"jalowcowa"},
{"id":25,"full_name":"Jana Pawła II","name":"jana_pawla_ii"},
{"id":26,"full_name":"Jarosława Iwaszkiewicza","name":"jaroslawa_iwaszkiewicza"},
{"id":27,"full_name":"Jaskółcza","name":"jaskolcza"},
{"id":28,"full_name":"Jastrzębia","name":"jastrzebia"},
{"id":29,"full_name":"Jaśminowa","name":"jasminowa"},
{"id":30,"full_name":"Jaworowa","name":"jaworowa"},
{"id":31,"full_name":"Jelenia","name":"jelenia"},
{"id":32,"full_name":"Jeża","name":"jeza"},
{"id":33,"full_name":"Jodłowa","name":"jodlowa"},
{"id":34,"full_name":"Juliana Ejsmonda","name":"juliana_ejsmonda"},
{"id":35,"full_name":"Juliusza Słowackiego","name":"juliusza_slowackiego"},
{"id":36,"full_name":"Kalinowa","name":"kalinowa"},
{"id":37,"full_name":"Kasztanowa","name":"kasztanowa"},
{"id":38,"full_name":"Klonowa","name":"klonowa"},
{"id":39,"full_name":"Kolejowa","name":"kolejowa"},
{"id":40,"full_name":"Konwalii","name":"konwalii"},
{"id":41,"full_name":"Kościelna","name":"koscielna"},
{"id":42,"full_name":"Krasek","name":"krasek"},
{"id":43,"full_name":"Krecia","name":"krecia"},
{"id":44,"full_name":"Krokusowa","name":"krokusowa"},
{"id":45,"full_name":"Królicza","name":"krolicza"},
{"id":46,"full_name":"Kukułek","name":"kukulek"},
{"id":47,"full_name":"Kwiatowa","name":"kwiatowa"},
{"id":48,"full_name":"Leśna","name":"lesna"},
{"id":49,"full_name":"Lipowa","name":"lipowa"},
{"id":50,"full_name":"Lisia","name":"lisia"},
{"id":51,"full_name":"Lotnicza","name":"lotnicza"},
{"id":52,"full_name":"Łosia","name":"losia"},
{"id":53,"full_name":"Miejska","name":"miejska"},
{"id":54,"full_name":"Młochowska","name":"mlochowska"},
{"id":55,"full_name":"Modrzewiowa","name":"modrzewiowa"},
{"id":56,"full_name":"Myśliwska","name":"mysliwska"},
{"id":57,"full_name":"Ogrodowa","name":"ogrodowa"},
{"id":58,"full_name":"Orla","name":"orla"},
{"id":59,"full_name":"Orzechowa","name":"orzechowa"},
{"id":60,"full_name":"Paproci","name":"paproci"},
{"id":61,"full_name":"Parkowa","name":"parkowa"},
{"id":62,"full_name":"Piastowska","name":"piastowska"},
{"id":63,"full_name":"Podleśna","name":"podlesna"},
{"id":64,"full_name":"Ptasia","name":"ptasia"},
{"id":65,"full_name":"Różana","name":"rozana"},
{"id":66,"full_name":"Rysia","name":"rysia"},
{"id":67,"full_name":"Sarnia","name":"sarnia"},
{"id":68,"full_name":"Sasanek","name":"sasanek"},
{"id":69,"full_name":"Sępów","name":"sepow"},
{"id":70,"full_name":"Słowicza","name":"slowicza"},
{"id":71,"full_name":"Sokola","name":"sokola"},
{"id":72,"full_name":"Sosnowa","name":"sosnowa"},
{"id":73,"full_name":"Sowia","name":"sowia"},
{"id":74,"full_name":"Sójek","name":"sojek"},
{"id":75,"full_name":"Stanisława Lilpopa","name":"stanislawa_lilpopa"},
{"id":76,"full_name":"Stefana Żeromskiego","name":"stefana_zeromskiego"},
{"id":77,"full_name":"Storczyków","name":"storczykow"},
{"id":78,"full_name":"Szczygla","name":"szczygla"},
{"id":79,"full_name":"Szpaków","name":"szpakow"},
{"id":80,"full_name":"Świerkowa","name":"swierkowa"},
{"id":81,"full_name":"Topolowa","name":"topolowa"},
{"id":82,"full_name":"Warszawska","name":"warszawska"},
{"id":83,"full_name":"Wiązowa","name":"wiazowa"},
{"id":84,"full_name":"Wierzbowa","name":"wierzbowa"},
{"id":85,"full_name":"Wiewiórek","name":"wiewiorek"},
{"id":86,"full_name":"Wilcza","name":"wilcza"},
{"id":87,"full_name":"Władysława Stanisława Reymonta","name":"wladyslawa_stanislawa_reymonta"},
{"id":88,"full_name":"Wróbla","name":"wrobla"},
{"id":89,"full_name":"Wrzosowa","name":"wrzosowa"},
{"id":90,"full_name":"Wschodnia","name":"wschodnia"},
{"id":91,"full_name":"Zachodnia","name":"zachodnia"},
{"id":92,"full_name":"Zamkowa","name":"zamkowa"},
{"id":93,"full_name":"Zygmunta Krasińskiego","name":"zygmunta_krasinskiego"}]